NO,Nama Karyawan,Konseling 1,Konseling 2,Konseling 3,ST,SP 1,SP 2,SP 3,SPPT," Tanggal Konseling 
1"," Tanggal Konseling 
2"," Tanggal Konseling 
3", Tanggal Surat Teguran, Tanggal SP 1, Tanggal SP 2, Tanggal SP 3,Tanggal SPPT,Alasan Konseling 1,Alasan Konseling 2,Alasan Konseling 3,Alasan Surat Teguran,Alasan SP 1,Alasan SP 2,Alasan SP 3,Alasan SPPT
1,Deni Nugraha Perdiana,0,0,0,0,0,0,0,0,,,,,,,,,,,,,,,,
2,Tigwa Anggawikara,0,0,0,0,0,0,0,0,,,,,,,,,,,,,,,,
3,Arif Maulana Lessy,0,0,0,0,0,0,0,0,,,,,,,,,,,,,,,,
4,Khaufi Wirawan Aligora,0,0,0,0,0,0,0,0,,,,,,,,,,,,,,,,
5,Arthur Paul Marnix Souisa,0,0,0,0,0,0,0,0,,,,,,,,,,,,,,,,
6,Muhammad Amran Selang,0,0,0,0,0,0,0,0,,,,,,,,,,,,,,,,
7,"Sukarman A. Akil, ST",0,0,0,0,0,0,0,0,,,,,,,,,,,,,,,,
8,"Muhammad Nova Herisandi, S.Sos",0,0,0,0,0,0,0,0,,,,,,,,,,,,,,,,
9,Janter Jaya Barimbing,1,0,0,0,0,0,0,0, 13-Jul-2026,,,,,,,,Yang bersangkutan lalai untuk submite General Inspeksi melalui link dari safety. Sehingga diharapkan yang bersangkutan lebih memperhatikan lagi terkait pelaporan Inspeksi kedepannya,,,,,,,
10,Ryan M Rusli,0,0,0,0,0,0,0,0,,,,,,,,,,,,,,,,
11,Subrandi,0,0,0,0,0,0,0,0,,,,,,,,,,,,,,,,
12,Christian Anggawijaya,0,0,0,0,0,0,0,0,,,,,,,,,,,,,,,,
13,Moch. Siswanto,0,0,0,1,0,0,0,1,,,, 20-Apr-2026,,,, 16-Apr-2025,,,,Pulang lebih Awal Selama 4 Hari dalam 1 Bulan,,,,Karyawan ybs memarkirkan kendaraan LV 192 tidak di tempat yang aman sehingga mengakibatkan accident dan timbul kerusakan dengan total kerugian Rp. 19.217.301
14,Aldy Aldersun Puluh,1,0,0,0,0,0,0,0, 15-Jan-2025,,,,,,,,Ybs Nge vape diruang admin yang dimana merupakan area/ruangan tidak boleh merokok/vape,,,,,,,
15,Agung Adi Putra Prasetyo,0,0,0,0,0,0,0,0,,,,,,,,,,,,,,,,
16,Muhammad Iqbal,1,0,0,0,0,0,0,0, 17-Sep-2026,,,,,,,,"Tidak mengupdate roster karyawan Prep&Lab sesuai dengan job desk yang bersangkutan. Karyawan menyebabkan munculnya masalah dalam pemeriksaan beberapa berkas yang dikirimkan oleh HR seperti Rekapan Finger, Orderan Makanan, Rekapan penggajian, yang dapat merugikan karyawan lain.",,,,,,,
17,Derald Febri Andriano Tjiwili,1,0,0,0,0,0,0,0, 08-Mei-2026,,,,,,,,Ybs kurang teliti dalam proses pengerjaan Rekapan Form Tidak Finger sehingga saat mengantarkan FTF ybs tidak memperhatikan karyawan yanbg onsite lalu di tanda tangani oleh pengawas dan mengakibatkan beberapa karyawan tidak mendapatkan upah lemburan / Jam-jaman,,,,,,,
18,Raldy Chevien Aryando Dareno,0,0,0,0,0,0,0,0,,,,,,,,,,,,,,,,
19,Muh. Yusri Mubarak,0,0,0,0,0,0,0,0,,,,,,,,,,,,,,,,
20,Murti Tamisari Harun,0,0,0,0,0,0,0,0,,,,,,,,,,,,,,,,
21,Junjunan Muhammad Syukur,0,0,0,0,0,0,0,0,,,,,,,,,,,,,,,,
22,Muhamad Anugrah Ramadhan,0,0,0,0,0,0,0,0,,,,,,,,,,,,,,,,
23,Muhamad Alvin Febriansyah,0,0,0,0,0,0,0,0,,,,,,,,,,,,,,,,
24,Gusti Nur Firdaus,0,0,0,0,0,0,0,0,,,,,,,,,,,,,,,,
25,Muhammad Furqan,0,0,0,0,0,0,0,0,,,,,,,,,,,,,,,,
26,M. Bagus Ihza Ai Rizki,,,,,,,,,,,,,,,,,,,,,,,,
27,Kevin Murheza,,,,,,,,,,,,,,,,,,,,,,,,
28,Muhammad Reza Satria,0,0,0,0,0,0,0,0,,,,,,,,,,,,,,,,
29,Kemal Maulana,1,0,0,0,0,0,0,0, 14-Des-2025,,,,,,,,Ybs Menghilangkan kunci loker miliknya sendiri,,,,,,,
30,Ahmad Jusma Azhari Annur,1,0,0,0,0,0,0,0, 11-Mei-2026,,,,,,,,"Pada saat melakukan inspeksi mingguan, ybs lalai atau tidak mengetahui bahwa bukti hasil inpeksi harus disubmit kembali ke link safety, melainkan yang diketahui bahwa pic atau teman inspeksi yang nantinya yang akan mensubmit hasil inspeksnya ke link safety. Ybs menyadari kesalahannya dan berkomitmen agar kejadian serupa tidak terjadi lagi dikemudian hari.",,,,,,,
31,Muhammad Fandy Septiawan,0,0,0,0,0,0,0,0,,,,,,,,,,,,,,,,
32,Muhammad Atha Ghali,0,0,0,0,0,0,0,0,,,,,,,,,,,,,,,,
33,Nurhafiz Syahputra,1,0,0,0,0,0,0,0, 17-Feb-2026,,,,,,,,Ybs mengakui menghilangkan kunci loker no.M13,,,,,,,
34,M. Harits Asyardy,0,0,0,0,0,0,0,0,,,,,,,,,,,,,,,,
35,Fachmi Amarullah,0,0,0,0,0,0,0,0,,,,,,,,,,,,,,,,
36,Rizal Zaelani,0,0,0,0,0,0,0,0,,,,,,,,,,,,,,,,
37,Herwin Predianto,0,0,0,0,0,0,0,0,,,,,,,,,,,,,,,,
38,Anresansia Winesha Pandit,0,0,0,0,0,0,0,0,,,,,,,,,,,,,,,,
39,Ayup Riyan Redondo,0,0,0,0,0,0,0,0,,,,,,,,,,,,,,,,
40,Andika Dafa Rusdiarta,0,0,0,0,0,0,0,0,,,,,,,,,,,,,,,,
41,Riyan Panji Putra,0,0,0,0,0,0,0,0,,,,,,,,,,,,,,,,
42,Valdi Pratama,1,0,0,0,0,0,0,0, 17-Apr-2026,,,,,,,,Ybs tidak memakai APD (earplug dan kacamata) pada saat mengawas dijam kerja.,,,,,,,
43,Hariyanto Aludin,1,1,0,0,0,0,0,0, 17-Apr-2026, 22-Apr-2026,,,,,,,Ybs tidak memakai APD (earplug dan kacamata) pada saat mengawas dijam kerja.,"Terlambat dan Tidak finger selama 3 Hari Dalam 1 bulan Tanggal 02, 06 Dan 30 Maret 2026",,,,,,
44,Roy Marten Bobrikit,0,0,0,0,0,0,0,0,,,,,,,,,,,,,,,,
45,Nyong Dokolamo,1,0,0,1,0,0,0,0, 13-Feb-2025,,, 20-Apr-2026,,,,,Kelalaian Pengawas Lapangan yg tidak membuatkan form Izin karyawan Sehingga Karyawan Alpa,,,Pulang lebih Awal Selama 4 Hari dalam 1 Bulan,,,,
46,Suhardi Hasan,1,1,0,0,0,0,0,0, 17-Apr-2026, 22-Mei-2026,,,,,,,Ybs tidak memakai APD (earplug dan kacamata) pada saat mengawas dijam kerja.,Yang bersangkutan terlambat untuk mengisi link izin sehingga menyebabkan orderan makanan untuk yang bersangkutan loss order 2 hari.,,,,,,
47,Fikri Lisantri Fahmi,,,,,,,,,,,,,,,,,,,,,,,,
48,Karolus Megawanto Lebang,0,0,0,0,0,0,0,0,,,,,,,,,,,,,,,,
49,Mohamad Noer Syafi’i,0,0,0,0,0,0,0,0,,,,,,,,,,,,,,,,
50,Muhammad Djody Satriani,1,0,0,0,0,0,0,0, 16-Jun-2026,,,,,,,,Yang Bersangkutan tidak dengan teliti dalam melakukan pengawasan pekerjaan ke crew saat melakukan penimbangan sampel eksplorasi yang mengakibatkan tertukarnya altag sampel (Salah penempatan altag).,,,,,,,
51,"Taufikir, S.Pi",0,0,0,0,0,0,0,0,,,,,,,,,,,,,,,,
52,Rusli Rorano,0,0,0,0,0,0,0,0,,,,,,,,,,,,,,,,
53,Muhammad Ardiyan Syah Darmawan,1,0,0,0,0,0,0,0, 06-Jun-2026,,,,,,,,Yang Bersangkutan kurang memperhatikan tgl hazard report ,,,,,,,
54,Ryan Tiarna,0,0,0,0,0,0,0,0,,,,,,,,,,,,,,,,
55,Haidir Febbyansyah Saputra,0,0,0,0,0,0,0,0,,,,,,,,,,,,,,,,
56,A Muh Ilham Hasmar,0,0,0,0,0,0,0,0,,,,,,,,,,,,,,,,
57,Arsun Lantia,1,0,0,0,0,0,0,0, 13-Feb-2025,,,,,,,,Kelalaian Pengawas Lapangan yg tidak membuatkan form Izin karyawan Sehingga Karyawan Alpa,,,,,,,
58,La Ode Dendi,1,0,0,0,0,0,0,0, 24-Feb-2025,,,,,,,,Kelalaian Pengawas Lapangan yg tidak membuatkan form Izin karyawan Sehingga Karyawan Alpa,,,,,,,
59,La Sapiu,0,0,0,0,0,0,0,0,,,,,,,,,,,,,,,,
60,Mahardian Muhamad Firdaus,0,0,0,0,0,0,0,0,,,,,,,,,,,,,,,,
61,Abdul Azis,1,0,0,0,0,0,0,0, 13-Feb-2025,,,,,,,,Kelalaian Pengawas Lapangan yg tidak membuatkan form Izin karyawan Sehingga Karyawan Alpa,,,,,,,
62,Kevin Gibran Mamoto,0,0,0,0,0,0,0,0,,,,,,,,,,,,,,,,
63,Imran S,0,0,0,0,0,0,0,0,,,,,,,,,,,,,,,,
64,Ridhan Ahmadurabbi,0,0,0,0,0,0,0,0,,,,,,,,,,,,,,,,
65,Zaenal Abidin,0,0,0,0,1,0,0,0,,,,, 03-Des-2025,,,,,,,,Merokok di dalam ruangan kerja pada saat live Tiktok Pukul 00.33 WIT,,,
66,Yulianus Tiku Mangando,0,0,0,0,0,0,0,0,,,,,,,,,,,,,,,,
67,Safar Laalewu,0,0,0,0,0,0,0,0,,,,,,,,,,,,,,,,
68,La Ode Rizkin,0,0,0,0,0,0,0,0,,,,,,,,,,,,,,,,
69,M Tarmizi,0,0,0,0,0,0,0,0,,,,,,,,,,,,,,,,
70,Muhammad Subir,0,0,0,0,0,0,0,0,,,,,,,,,,,,,,,,
71,Wahyu Jabir,1,0,0,0,0,0,0,0, 28-Jun-2026,,,,,,,,Ybs kembali dari cuti terlambat menghubungi pengawas terkait izin keluarga meninggal dengan alasan tidak ada jaringan,,,,,,,
72,Ramadhan W. Anwar,1,1,1,0,0,0,0,0," 13-Mar-2026
 06-Agu-2026", 09-Agu-2026, 18-Agu-2026,,,,,,"1. Ybs Tidur melewati jam istirahat lebih dari 1 jam. Berulang kali dibangunkan oleh rekan dan pengawas namun tidak bangun. Ybs mengaku bahwa dlama kondisi kurang tidur (3 Jam tidur) namun menuliskan jam tidur yang tidak sesuai dengan aktual pada form absensi P5M dan tidak melapor ke pengawas.
2. Dilakukan konseling kepada crew preparation & laboratory atas nama Ramadhan W. Anwar, karena pada saat dilakukan P5M yang bersangkutan tidur di ruang Fuse sehingga tidak mengikuti briefing pagi sesuai peraturan yang berlaku.","Dilakukan konseling II kepada crew preparation & laboratory atas nama Ramadhan W. Anwar, karena pada saat dilakukan P5M yang bersangkutan tidur diruang Fuse sehingga tidak mengikuti breafing pagi sesuai peraturan yang berlaku.","Dilakukakan konseling III kepada crew preparation & laboratory atas nama Ramadhan W. Anwar, karena pada saat dilakukan P5M yang bersangkutan tidur diruang Fuse sehingga tidak mengikuti breafing pagi sesuai peraturan yang berlaku.",,,,,
73,Hairun Umawaitina,0,0,0,0,0,0,0,0,,,,,,,,,,,,,,,,
74,Naslim Muksin,0,0,0,0,0,0,0,0,,,,,,,,,,,,,,,,
75,Harji La Ila,1,0,0,0,0,0,0,0, 15-Jan-2026,,,,,,,,"Ybs sedang melaksanakan pengerjaan LOI dan ingin meletakan desikator tersebut dibawah rak lemari tetapi karena tidak hati-hati akibatnya stopcock desikator membentur bagian atas rak lemari dan menyebabkan stopcock pecah dan patah. Ybs menyadari kesalahannya, dan berjanji akan lebih hati-hati lagi dalam bekerja dan meminimalisir kesalahan yang dapat menimbulkan kerusakan.",,,,,,,
76,La Bayu,0,0,0,0,0,0,0,0,,,,,,,,,,,,,,,,
77,Ahmad Sudirman,0,0,0,0,0,0,0,0,,,,,,,,,,,,,,,,
78,Ardila Rusli,0,0,0,0,0,0,0,0,,,,,,,,,,,,,,,,
79,Riko Saputra Day,0,0,0,0,0,0,0,0,,,,,,,,,,,,,,,,
80,Taufik Mulyadi,0,0,0,0,0,0,0,0,,,,,,,,,,,,,,,,
81,Dulmihdat Tomayou,1,0,0,0,0,0,0,0, 13-Mar-2026,,,,,,,,Ybs telah menyadari Tertukarnya sampel pada saat penempelan label di proses Fuse dimana label eksplorasi batch TB0387 tertukar dengan sampel Produksi,,,,,,,
82,Randi Zakaria,1,0,0,0,0,0,0,0, 02-Okt-2024,,,,,,,,Lalai/Tidak Menjaga Fasilitas Perusahan Dengan Baik (Menghilangkan Kunci Loker),,,,,,,
83,Arlan Hi. Yusup,1,1,0,0,0,0,0,0," 04-Okt-2024
 13-Mar-2026", 03-Mei-2026,,,,,,,"1. Kesalahan Prosedur Penggunaan Peralatan Kerja di prep Basah
2. Ybs telah menyadari Tertukarnya sampel pada saat penempelan label di proses Fuse dimana label eksplorasi batch TB0387 tertukar dengan sampel Produksi",membuat sample produksi GTS tertukar pada saat bakaran sample (Fuse) atau penimbangan Sample,,,,,,
84,Alfris Badaruni,0,0,0,0,0,0,0,0,,,,,,,,,,,,,,,,
85,Suryadi La Samusu,1,0,0,0,0,0,0,0," 10-Des-2025
 03-Mei-2026",,,,,,,,"1. Lalai/Tidak menjaga Fasilitas Perusahaan dengan baik (menghilangkan kunci loker)
2. membuat sample produksi GTS tertukar pada saat bakaran sample (Fuse) atau penimbangan Sample",,,,,,,
86,Burhanudin La Wio,0,0,0,0,0,0,0,0,,,,,,,,,,,,,,,,
87,Samuel Skiffer Kellah,1,0,0,1,0,0,0,0, 22-Agu-2026,,, 20-Sep-2026,,,,,Karyawan tidak memberikan informasi ke pengawas sesuai prosedur keterlambatan,,,Tidak masuk kerja tanpa izin atasan/mangkir,,,,
88,Ade Wijaya,0,0,0,0,1,0,0,0,,,,, 09-Jul-2025,,,,,,,,Alpa/Mangkir 2 Hari,,,
89,La Alwino La Ode Pudu,1,0,0,0,0,0,0,0," 08-Jan-2025
 09-Jul-2025
 09-Jul-2025",,,,,,,,"1. Terlambat mrnginformasikan untuk hadir di tempat kerja menyebabkan pengawas melakukan penjemputan dan kehilangan waktu kerja
2. Buang air kecil di samping gedung preparasi basah dekat tumpukan bolder
3. Buang air kecil di samping gedung preparasi basah dekat tumpukan bolder",,,,,,,
90,Anadir M. Likur,0,0,0,0,0,0,0,0,,,,,,,,,,,,,,,,
91,Aneldi Muneri,0,0,0,0,0,0,0,0,,,,,,,,,,,,,,,,
92,La Ode Ali Wara,0,0,0,1,0,0,0,0,,,, 08-Sep-2024,,,,,,,,Tidak Masuk Kerja Tanpa Izin Dari Atasan (Mangkir/Alpa),,,,
93,Hariyatno La Jaya,0,0,0,0,0,0,0,0,,,,,,,,,,,,,,,,
94,Karlos Yafet,1,1,0,1,0,0,0,0, 05-Feb-2025, 13-Mei-2025,, 19-Jun-2026,,,,,Ybs Istrahat diruangan Area Terbatas (Gudang Arsip Sampel) yang sudah diberi label Peringatan,Ybs Istrahat diruangan Area Terbatas (Gudang Arsip Sampel) yang sudah diberi label Peringatan,,Terlambat 4 kali dalam 1 (bulan) tanpa alasan,,,,
95,La Topo,0,0,0,0,0,0,0,0,,,,,,,,,,,,,,,,
96,Madraji,1,0,0,0,0,0,0,0, 06-Jul-2026,,,,,,,,"Pada saat P5M dan jadwal senam rutin, yang bersangkutan tidak fokus mengikuti kegiatan yang berlangsung, tapi malah menonton bola di handphone. Untuk itu dilakukan konseling agar tindakan tersebut tidak diulang di kemudian hari",,,,,,,
97,Natanel Tooli,0,0,0,0,0,0,0,0,,,,,,,,,,,,,,,,
98,Jusrandi,1,1,0,0,0,0,0,0," 21-Mei-2025
 10-Des-2025
 06-Jul-2026"," 22-Mei-2025
 28-Des-2025",,,,,,,"1. Ybs Sudah tiba di tempat kerja tapi tidak ikut briefing
2. Lalai dalam menjaga kunci loker diruangan Crew Preparasi Basah
3. Pada saat P5M dan jadwal senam rutin, yang bersangkutan tidak fokus mengikuti kegiatan yang berlangsung, tapi malah menonton bola di handphone. Untuk itu dilakukan konseling agar tindakan tersebut tidak diulang di kemudian hari","1. Ybs Sudah tiba di tempat kerja tapi tidak ikut briefing
2. Bekerja tidak berhati-hati berakibat sampel terjatuh dari meja troli",,,,,,
99,Marlin Muhammad,0,0,0,0,0,0,0,0,,,,,,,,,,,,,,,,
100,Ruslan Tabaika,0,0,0,0,0,0,0,0,,,,,,,,,,,,,,,,
101,Jasriwijaya Ikram,0,0,0,0,0,0,0,0,,,,,,,,,,,,,,,,
102,Buce Bobrikit,1,0,0,0,0,0,0,0," 10-Des-2025
 04-Mei-2026",,,,,,,,"1. Lalai/Tidak menjaga Fasilitas Perusahaan dengan baik (menghilangkan kunci loker)
2. Pada hari minggu Longshift yang bersangkutan izin pulang cepat tidak memberitahukan atau menginformasikan kepada pengawas bahwa yang bersangkutan izin pulang cepat.",,,,,,,
103,Abdul Manan R. Day,1,0,0,0,0,0,0,0," 28-Des-2025
 06-Jul-2026",,,,,,,,"1. Bekerja tidak berhati-hati yang mengakibatkan sampel terjatuh dari meja troli
2. Pada saat P5M dan jadwal senam rutin, yang bersangkutan tidak fokus mengikuti kegiatan yang berlangsung, tapi malah menonton bola di handphone. Untuk itu dilakukan konseling agar tindakan tersebut tidak diulang di kemudian hari",,,,,,,
104,Agim Maulana Barmawi,1,0,0,1,0,0,0,0, 15-Apr-2025,,, 19-Jun-2026,,,,,Menghilangkan kacamata safety bening,,,Tidak Masuk Kerja Tanpa Izin Dari Atasan (Mangkir/Alpa),,,,
105,Fajrin Muin,0,0,0,0,0,0,0,0,,,,,,,,,,,,,,,,
106,Muslim Wabula,0,0,0,0,0,0,0,0,,,,,,,,,,,,,,,,
107,Rifaldi I. Arifin,0,0,0,0,0,0,0,0,,,,,,,,,,,,,,,,
108,Erwin Asnawi,0,0,1,0,0,0,0,0,,, 17-Apr-2025,,,,,,,,Buang air kecil di samping bangunan laboratorium,,,,,
109,Fikri La Atu,1,1,0,0,0,0,0,0, 21-Jan-2026, 28-Feb-2026,,,,,,,Ybs bersangkutan dalam bekerja tidak teliti/focus dalam penulisan Alltag sample eksplorasi sehingga terdapat kesalahan penulisan ID sample Alltag,Ybs salah dalam penulisan IF sampel Eksplorasi pada Altag,,,,,,
110,Fahdin S. Kadim,1,0,0,0,0,0,0,0, 24-Jan-2025,,,,,,,,Ybs Merokok diarea preparasi kering (Area Dilarang Merokok),,,,,,,
111,M. Fiky Aciman,1,1,0,0,0,0,0,0, 14-Apr-2026," 28-Des-2025
 24-Jun-2026",,,,,,,Ybs Masih Tidur Di jam kerja,"1. Bekerja tidak berhati-hati yang mengakibatkan sampel terjatuh dari meja troli
2. Tidak menggunakan APD (kacamata & Ear Plug) saat melakukan aktifitas pekerjaan. Ybs menyadari pelanggaran tersebut dan bersedia untuk tidak mengulangi pelanggaran tersebut.",,,,,,
112,Robinson Sumtaki,0,0,0,0,0,0,0,0,,,,,,,,,,,,,,,,
113,Samsir Abubakar,0,0,0,0,0,0,0,0,,,,,,,,,,,,,,,,
114,La Arisan La Atu,1,0,0,0,0,0,0,0, 10-Des-2025,,,,,,,,Lalai/Tidak menjaga Fasilitas Perusahaan dengan baik (menghilangkan kunci loker),,,,,,,
115,Hendra Alfons,0,0,0,0,0,0,0,0,,,,,,,,,,,,,,,,
116,Risno Hamid,1,0,0,0,0,0,0,0," 21-Mei-2025
 28-Feb-2026",,,,,,,,"1. Ybs Sudah tiba di tempat kerja tapi tidak ikut briefing
2. Ybs salah dalam penempatan Altag Duplicat Pulv (DP) pada sampel Eksplorasi",,,,,,,
117,Muhammad Nasir,0,0,0,0,0,0,0,0,,,,,,,,,,,,,,,,
118,La Herno,1,0,1,0,0,0,0,0, 06-Jul-2026,, 10-Agu-2026,,,,,,"Pada saat P5M dan jadwal senam rutin, yang bersangkutan tidak fokus mengikuti kegiatan yang berlangsung, tapi malah menonton bola di handphone. Untuk itu dilakukan konseling agar tindakan tersebut tidak diulang di kemudian hari",,"Pada Saat mengerjakan sample produksi, ybs tidak melakukan matrix sample dan langsung menggunakan sekop pada saat pengambilan quality sample.",,,,,
119,La Ode Elfian,1,1,1,1,0,0,0,0, 14-Apr-2026, 06-Jul-2026, 17-Agu-2026, 23-Jul-2026,,,,,Ybs Masih Tidur Di jam kerja,"Pada saat P5M dan jadwal senam rutin, yang bersangkutan tidak fokus mengikuti kegiatan yang berlangsung, tapi malah menonton bola di handphone. Untuk itu dilakukan konseling agar tindakan tersebut tidak diulang di kemudian hari","Yang bersangkutan a.n La Ode Elfian kedapatan merokok di dalam ruangan loker preparasi basah dengan kondisi AC menyala dan terdapat tagging dilarang merokok. Dengan adanya surat koseling ini, diharapkan yang bersangkutan tidak akan mengulanginya lagi.",Tidak Masuk Kerja Tanpa Izin Dari Atasan (Mangkir/Alpa). 1 hari kerja atau 2 hari tidak berturut turut,,,,
120,Rifa Nuridi,1,0,0,1,1,0,0,1," 15-Apr-2025
 26-Mei-2025",,," 23-Jan-2025
 21-Jan-2026", 18-Mei-2026,,, 01-Sep-2026,"1. Menghilangkan kacamata safety bening
2. Ybs Sudah tiba di tempat kerja tapi tidak ikut briefing",,,"1. Tidak Masuk Kerja Tanpa Izin Dari Atasan (Mangkir/Alpa)
2. Mangkir 1 hari",Tidak Masuk Kerja Tanpa Izin Dari Atasan (Mangkir/Alpa),,,Mangkir 4 hari kerja berturut-turut atau 5 hari kerja tidak berturut turut dalam sebulan
121,Kardi Tamsil,1,0,0,1,0,0,0,0, 10-Des-2025,,, 01-Sep-2026,,,,,Lalai/Tidak menjaga Fasilitas Perusahaan dengan baik (menghilangkan kunci loker),,,Mangkir 1 hari kerja atau 2 hari kerja tidak berturut turut dalam sebulan,,,,
122,Andi Haji,1,0,0,0,0,0,0,0," 06-Agu-2025
 24-Jun-2026",,,,,,,,"1. APD Berupa ear Plug
2. Tidak menggunakan APD (kacamata & Ear Plug) saat melakukan aktifitas pekerjaan. Ybs menyadari pelanggaran tersebut dan bersedia untuk tidak mengulangi pelanggaran tersebut.",,,,,,,
123,Fasrul La Udi,,,,,,,,,,,,,,,,,,,,,,,,
124,M. Hadi Mubarok,0,0,0,0,0,0,0,0,,,,,,,,,,,,,,,,
125,La Ode Muhammad Faldin,1,0,0,0,0,0,0,0," 21-Agu-2025
 20-Agu-2026",,,,,,,,"1. Ybs Menghilangkan Sepatu Safety 
2. Yang bersangkutan tidak menjaga Kunci Loker dengan baik , sehingga kunci loker tersebut hilang.",,,,,,,
126,Aldi Bobrikit,0,0,0,0,0,0,0,0,,,,,,,,,,,,,,,,
127,Ardi Waiyolu,,,,,,,,,,,,,,,,,,,,,,,,
128,La Ferdi,1,0,0,0,0,0,0,0, 30-Nov-2025,,,,,,,,Ybs tidak memperhatikan jadwal cuti site sehingga YBS tetap masuk bekerja di hari minggu (cuti Site),,,,,,,
129,Azzam Jufri,0,0,0,0,0,0,0,0,,,,,,,,,,,,,,,,
130,Randi Nasarudin,1,0,0,0,0,0,0,0, 06-Agu-2025,,,,,,,,APD Berupa ear Plug,,,,,,,
131,Ardian Wally,1,0,0,0,1,0,0,0," 26-Jun-2026
 20-Agu-2026",,,, 28-Jun-2026,,,,"1. Ybs tidak menggunakan APD saat berjalan di MHR Tondano dari arah timbangan menuju tempat kerja (Preparasi).
2. Yang bersangkutan a.n Ardian Wally menghilangkan kunci loker. Sesuai dengan aturan internal yang telah disampaikan kepada seluruh karyawan dept. Preparasi & Lab, maka yang bersangkutan diberi konseling dan berjanji akan lebih menjaga fasilitas yang telah diberikan oleh Perusahaan.",,,,Ybs Tidak menggunakan APD (Helm) saat memasuki area tambang dan ditahan safety,,,
132,Ardi Arman,1,0,0,1,0,0,0,0, 14-Apr-2026,,, 20-Apr-2026,,,,,Ybs Masih Tidur Di jam kerja,,,Alpa/Mangkir,,,,
133,M. Ridah Kardi,0,0,0,1,0,0,0,0,,,, 20-Apr-2026,,,,,,,,Alpa/Mangkir,,,,
134,Jarfin Saharudin,0,0,0,0,0,0,0,0,,,,,,,,,,,,,,,,
135,Sukri Koco,0,0,0,0,0,0,0,0,,,,,,,,,,,,,,,,
136,La Dai,0,0,0,0,0,0,0,0,,,,,,,,,,,,,,,,
137,Irman Welhemus,0,0,0,0,0,0,0,0,,,,,,,,,,,,,,,,
138,Agusman Suaib,1,0,0,0,0,0,0,0, 24-Sep-2026,,,,,,,,Yang bersangkutan tidak hadir setelah masa cuti berakhir dan kembali meminta tambahan izin. Hal ini menunjukkan kurangnya disiplin dan berdampak pada kebutuhan manpower.,,,,,,,
139,Iran Rumbia,0,0,0,1,0,0,0,0,,,," 20-Apr-2026
 20-Sep-2026",,,,,,,,"1. Alpa/Mangkir
2. Tidak masuk kerja tanpa izin atasan/mangkir",,,,
140,Rahmat Purnomo,1,0,0,0,0,0,0,0, 27-Apr-2025,,,,,,,,Ybs menyimpan sampel yg ada di mould karena masih panas dan cair sampel tersebut tertumpah & mengenai maglev fan sehingga merusak maglev fan modutemp 1.,,,,,,,
141,Risdiyanto Ladedi,1,0,0,1,1,0,0,0, 13-Mei-2026,,, 18-Mei-2026, 01-Sep-2026,,,,"Yang bersangkutan mengakui kesalahannya atas sampel yang tertukar tersebut, dan menerima konseling ini sebagai pembelajaran agar tidak terjadi lagi dikemudian hari.",,,Tidak Masuk Kerja Tanpa Izin Dari Atasan (Mangkir/Alpa),Tidak masuk kerja tanpa izin atasan,,,
142,Hasbi Nuh,0,0,0,1,0,0,0,0,,,, 01-Sep-2026,,,,,,,,Mankir 1 Hari Kerja. Tidak masuk kerja tanpa izin atasan,,,,
143,Muh. Alif Multazam NH,0,0,0,0,0,0,0,0,,,,,,,,,,,,,,,,
144,La Wisnu,0,0,0,0,0,0,0,0,,,,,,,,,,,,,,,,
145,Jasri,1,0,0,0,0,0,0,0, 05-Sep-2026,,,,,,,,"Tidak kembali pada waktu yang telah ditentukan dan diatur, sehingga menghambat kelancaran tim dalam bekerja. Berdasarkan informasi yang bersangkutan, hal tersebut disebabkan karena belum mendapatkan jadwal kepulangan.",,,,,,,
146,Moh. Safrin,1,0,0,0,0,0,0,0, 30-Jan-2026,,,,,,,,Ybs mengakui bahwa kejadian patahnya Stopcock terjadi karena kecerobohannya. Menerima keselahan dan akan lebih focus dalam bekerja.,,,,,,,
147,Sahrul Sanusi,0,0,0,0,0,0,0,0,,,,,,,,,,,,,,,,
148,Imran Sebualamo,1,0,0,1,0,0,0,0," 01-Jul-2025
 01-Des-2025
 25-Agu-2026",,, 23-Jul-2026,,,,,"1. Ybs Menghilangkan kunci loker miliknya sendiri
2. ybs kurang teliti dalam proses penimbangan sampel, sehingga mengakibatkan samper yang ditimbang tertukar karena tidak sesuai dengan ID yang seharusnya ditimbang pada form yang dilampirkan
3. Dilakukan konseling III kepada crew preparation & laboratory atas nama Imran Sebualamo, karena berdasarkan hasil pemeriksaan terhadap dokumen Screen Test Sample Smelter dan hasil analisis di instrumen serta setelah dilakukan Screen Test Ulang, ditemukan adanya indikasi bahwa proses screening sampel tidak dilakukan dan tidak terdokumentasi sebagaimana mestinya pada sampel yang menjadi tanggung jawab yang bersangkutan.",,,Tidak Masuk Kerja Tanpa Izin Dari Atasan (Mangkir/Alpa). 1 hari kerja atau 2 hari tidak berturut turut,,,,
149,Zhiran Arrazy Barmawi Putra,1,0,0,0,0,0,0,0," 13-Feb-2026
 13-Mei-2026",,,,,,,,"1. Yang Bersangkutan lalai serta tidak memperhatikan Manhaul yang ke office Nirwana, sehingga tidak mengikuti Upacara General Safety Talk serta penutupan Bulan K3 Nasional 2026 di lapangan Office Nirwana. Diharapkan kepada karyawan agar lebih memperhatikan terkait pelaksanaan upacara dan kegiatan kegiatan yang dijadwalkan
2. Yang bersangkutan mengakui kesalahannya atas sampel yang tertukar tersebut, dan menerima konseling ini sebagai pembelajaran agar tidak terjadi lagi dikemudian hari.",,,,,,,
150,Mhd. Dahlan Ahmad,0,0,0,1,0,0,0,0,,,, 20-Sep-2026,,,,,,,,Tidak masuk kerja tanpa izin atasan/mangkir,,,,
151,Muhamad Syaifuddin Z,0,0,0,0,0,0,0,0,,,,,,,,,,,,,,,,
152,La Juanda La Ce,1,0,0,0,0,0,0,0, 12-Feb-2026,,,,,,,,"Yang Bersangkutan lalai serta tidak memperhatikan Manhaul yang ke office Nirwana, sehingga tidak mengikuti Upacara General Safety Talk serta penutupan Bulan K3 Nasional 2026 di lapangan Office Nirwana. Diharapkan kepada karyawan agar lebih memperhatikan terkait pelaksanaan upacara dan kegiatan kegiatan yang dijadwalkan",,,,,,,
153,Yus Putra Firiyanto,0,0,0,0,0,0,0,0,,,,,,,,,,,,,,,,
154,Daud Kedafota,1,0,0,0,0,0,0,0, 13-Feb-2026,,,,,,,,"Yang Bersangkutan lalai serta tidak memperhatikan Manhaul yang ke office Nirwana, sehingga tidak mengikuti Upacara General Safety Talk serta penutupan Bulan K3 Nasional 2026 di lapangan Office Nirwana. Diharapkan kepada karyawan agar lebih memperhatikan terkait pelaksanaan upacara dan kegiatan kegiatan yang dijadwalkan",,,,,,,
155,Sirajuddin,1,0,0,0,0,0,0,0, 13-Feb-2026,,,,,,,,"Yang Bersangkutan lalai serta tidak memperhatikan Manhaul yang ke office Nirwana, sehingga tidak mengikuti Upacara General Safety Talk serta penutupan Bulan K3 Nasional 2026 di lapangan Office Nirwana. Diharapkan kepada karyawan agar lebih memperhatikan terkait pelaksanaan upacara dan kegiatan kegiatan yang dijadwalkan",,,,,,,
156,Sumarlin Muhammad,1,0,0,0,0,0,0,0, 13-Feb-2026,,,,,,,,"Yang Bersangkutan lalai serta tidak memperhatikan Manhaul yang ke office Nirwana, sehingga tidak mengikuti Upacara General Safety Talk serta penutupan Bulan K3 Nasional 2026 di lapangan Office Nirwana. Diharapkan kepada karyawan agar lebih memperhatikan terkait pelaksanaan upacara dan kegiatan kegiatan yang dijadwalkan",,,,,,,
157,Darno La Bungahari,1,0,0,0,0,0,0,0, 13-Feb-2026,,,,,,,,"Yang Bersangkutan lalai serta tidak memperhatikan Manhaul yang ke office Nirwana, sehingga tidak mengikuti Upacara General Safety Talk serta penutupan Bulan K3 Nasional 2026 di lapangan Office Nirwana. Diharapkan kepada karyawan agar lebih memperhatikan terkait pelaksanaan upacara dan kegiatan kegiatan yang dijadwalkan",,,,,,,
158,Saman Dokulamo,1,0,0,0,0,0,0,0," 18-Feb-2025
 13-Feb-2026",,,,,,,,"1. Ybs Tidak mengikuti kegiatan pekerjaan mulai dari jam 19:00 - 24:00 WIT(Sudah diarahkan pengawas)
2. Yang Bersangkutan lalai serta tidak memperhatikan Manhaul yang ke office Nirwana, sehingga tidak mengikuti Upacara General Safety Talk serta penutupan Bulan K3 Nasional 2026 di lapangan Office Nirwana. Diharapkan kepada karyawan agar lebih memperhatikan terkait pelaksanaan upacara dan kegiatan kegiatan yang dijadwalkan",,,,,,,
159,Faisal Bakri,,,,,,,,,,,,,,,,,,,,,,,,
160,Ridwan Kedafota,1,1,0,1,0,0,0,0," 18-Feb-2025
 13-Feb-2026", 12-Mar-2026,, 09-Okt-2024,,,,,"1. Ybs Tidak mengikuti kegiatan pekerjaan mulai dari jam 19:00 - 24:00 WIT(Sudah diarahkan pengawas)
2. Yang Bersangkutan lalai serta tidak memperhatikan Manhaul yang ke office Nirwana, sehingga tidak mengikuti Upacara General Safety Talk serta penutupan Bulan K3 Nasional 2026 di lapangan Office Nirwana. Diharapkan kepada karyawan agar lebih memperhatikan terkait pelaksanaan upacara dan kegiatan kegiatan yang dijadwalkan","Yang bersangkutan kedapatan beristirahat di gudang penyimpanan arsip sampel pulv preparasi kering, dengan adanya konseling ini yang bersangkutan dituntut agar lebih disiplin mematuhi peraturan area beristirahat yang sesuai (Di dalam Pantry atau Loker Room).",,Tidak Masuk Kerja Tanpa Izin Dari Atasan (Mangkir/Alpa),,,,
161,Risal Nurdin,1,1,0,0,0,0,0,0, 13-Feb-2026, 01-Mar-2026,,,,,,,"Yang Bersangkutan lalai serta tidak memperhatikan Manhaul yang ke office Nirwana, sehingga tidak mengikuti Upacara General Safety Talk serta penutupan Bulan K3 Nasional 2026 di lapangan Office Nirwana. Diharapkan kepada karyawan agar lebih memperhatikan terkait pelaksanaan upacara dan kegiatan kegiatan yang dijadwalkan",Ybs mengabaikan dan tidak mengerjakan instruksi pengawas terkait penginputan Daily Preparasi Sampel\,,,,,,
162,Husen Dahlan,1,0,0,0,0,0,0,0, 12-Mar-2026,,,,,,,,"Yang bersangkutan kedapatan beristirahat di gudang penyimpanan arsip sampel pulv preparasi kering, dengan adanya konseling ini yang bersangkutan dituntut agar lebih disiplin mematuhi peraturan area beristirahat yang sesuai (Di dalam Pantry atau Loker Room).",,,,,,,
163,Sarman La Bunga,1,0,0,0,0,0,0,0, 13-Feb-2026,,,,,,,,"Yang Bersangkutan lalai serta tidak memperhatikan Manhaul yang ke office Nirwana, sehingga tidak mengikuti Upacara General Safety Talk serta penutupan Bulan K3 Nasional 2026 di lapangan Office Nirwana. Diharapkan kepada karyawan agar lebih memperhatikan terkait pelaksanaan upacara dan kegiatan kegiatan yang dijadwalkan",,,,,,,
164,Muis La Besi,1,0,0,1,0,0,0,0, 13-Feb-2026,,, 20-Apr-2026,,,,,"Yang Bersangkutan lalai serta tidak memperhatikan Manhaul yang ke office Nirwana, sehingga tidak mengikuti Upacara General Safety Talk serta penutupan Bulan K3 Nasional 2026 di lapangan Office Nirwana. Diharapkan kepada karyawan agar lebih memperhatikan terkait pelaksanaan upacara dan kegiatan kegiatan yang dijadwalkan",,,Alpa/Mangkir,,,,
165,Riski Djafrudin,0,0,0,0,0,0,0,0,,,,,,,,,,,,,,,,
166,Sardin La Harmoto,1,0,0,0,0,0,0,0, 13-Feb-2026,,,,,,,,"Yang Bersangkutan lalai serta tidak memperhatikan Manhaul yang ke office Nirwana, sehingga tidak mengikuti Upacara General Safety Talk serta penutupan Bulan K3 Nasional 2026 di lapangan Office Nirwana. Diharapkan kepada karyawan agar lebih memperhatikan terkait pelaksanaan upacara dan kegiatan kegiatan yang dijadwalkan",,,,,,,
167,La Jojo,1,1,1,0,0,0,0,0," 21-Apr-2025
 13-Feb-2026
 20-Agu-2026", 20-Jul-2025, 22-Sep-2026,,,,,,"1. Buang air kecil di samping reminder preparasi basah
2. Yang Bersangkutan lalai serta tidak memperhatikan Manhaul yang ke office Nirwana, sehingga tidak mengikuti Upacara General Safety Talk serta penutupan Bulan K3 Nasional 2026 di lapangan Office Nirwana. Diharapkan kepada karyawan agar lebih memperhatikan terkait pelaksanaan upacara dan kegiatan kegiatan yang dijadwalkan
3. Yang bersangkutan tidak menjaga Kunci Loker dengan baik , sehingga kunci loker tersebut hilang.",Ybs tidak mengikuti briefing P5M saat awal shift di Preparasi & Lab,Yang bersangkutan melanggar SOP saat pengambilan sample Quality Produksi tidak menggunakan sekop 30 D tetapi menggunakan sekop mizing (sekop besar),,,,,
168,Jimi Muhamad Dun,0,0,0,0,0,0,0,0,,,,,,,,,,,,,,,,
169,La Ode Hartanto,0,0,0,0,0,0,0,0,,,,,,,,,,,,,,,,
170,La Rifan,0,0,0,0,0,0,0,0,,,,,,,,,,,,,,,,
171,Rifandi Samsudin,1,0,0,0,0,0,0,0, 10-Des-2025,,,,,,,,Lalai dalam menjaga kunci loker diruangan Crew Preparasi Basah,,,,,,,
172,Ramadan Muhamad,1,0,0,0,0,0,0,0, 13-Feb-2026,,,,,,,,"Yang Bersangkutan lalai serta tidak memperhatikan Manhaul yang ke office Nirwana, sehingga tidak mengikuti Upacara General Safety Talk serta penutupan Bulan K3 Nasional 2026 di lapangan Office Nirwana. Diharapkan kepada karyawan agar lebih memperhatikan terkait pelaksanaan upacara dan kegiatan kegiatan yang dijadwalkan",,,,,,,
173,Salim Hi. Hasan,1,0,0,0,0,0,0,0, 05-Mei-2025,,,,,,,,Tidak Menjaga/ menghilangkan Kunci Loker yang sudah di berikan dari dept. Prep&Lab,,,,,,,
174,La Ode Nur Asgar,0,0,0,0,0,0,0,0,,,,,,,,,,,,,,,,
175,Firmansya Tueka,0,0,0,0,0,0,0,0,,,,,,,,,,,,,,,,
176,Sahrin Hairun,1,0,0,0,0,0,0,0, 12-Apr-2025,,,,,,,,Menghilangkan kacamata safety bening,,,,,,,
177,Moh. Irsan Lajunaidi,0,0,0,0,0,0,0,0,,,,,,,,,,,,,,,,
178,Akmal,1,0,0,0,0,0,0,0, 13-Feb-2026,,,,,,,,"Yang Bersangkutan lalai serta tidak memperhatikan Manhaul yang ke office Nirwana, sehingga tidak mengikuti Upacara General Safety Talk serta penutupan Bulan K3 Nasional 2026 di lapangan Office Nirwana. Diharapkan kepada karyawan agar lebih memperhatikan terkait pelaksanaan upacara dan kegiatan kegiatan yang dijadwalkan",,,,,,,
179,Muhamad Nof Nurleti,1,0,0,1,1,0,0,0," 10-Des-2025
 24-Sep-2026",,, 23-Jul-2026, 21-Jan-2026,,,,"1. Lalai dalam menjaga kunci loker diruangan Crew Preparasi Basah
2. Yang bersangkuta terlalu banyak izin saat onsite/balik cuti, sehingga menghambat operasional pekerjaan",,,Tidak Masuk Kerja Tanpa Izin Dari Atasan (Mangkir/Alpa). 1 hari kerja atau 2 hari tidak berturut turut,Terlambat 5 kali dalam sebulan (desember),,,
180,Nezar,1,0,1,0,0,0,0,0," 13-Feb-2026
 13-Agu-2026",," 28-Mei-2025
 20-Agu-2026",,,,,,"1. Yang Bersangkutan lalai serta tidak memperhatikan Manhaul yang ke office Nirwana, sehingga tidak mengikuti Upacara General Safety Talk serta penutupan Bulan K3 Nasional 2026 di lapangan Office Nirwana. Diharapkan kepada karyawan agar lebih memperhatikan terkait pelaksanaan upacara dan kegiatan kegiatan yang dijadwalkan
2. Telah dilakukan sesi konseling pada saat mengerjakan sampel GC, lalai dengan tidak melakukan mixing sampel GC.",,"1. Ybs tidak bekerja sesuai SOP pada pengerjaan Sampel Produksi
2. Telah dilakukan sesi konseling pada saat mengerjakan sampel GC, lalai dengan tidak melakukan mixing sampel GC.",,,,,
181,Chandra Ady Guna,1,0,0,0,0,0,0,0, 13-Feb-2026,,,,,,,,"Yang Bersangkutan lalai serta tidak memperhatikan Manhaul yang ke office Nirwana, sehingga tidak mengikuti Upacara General Safety Talk serta penutupan Bulan K3 Nasional 2026 di lapangan Office Nirwana. Diharapkan kepada karyawan agar lebih memperhatikan terkait pelaksanaan upacara dan kegiatan kegiatan yang dijadwalkan",,,,,,,
182,Wanto Koilo,1,1,0,0,1,0,0,0, 10-Des-2025, 11-Feb-2026,,, 19-Jun-2026,,,,Menghilangkan Nama Identitas Pekerja di Helm Safety Miliknya yang sudah terpasang,"Kurangnya Kedisiplinan Ybs Sehingga sering terlambat / tiba dilokasi kerja & ybs sudah dichoaching, dengan adanya Form konseling ini diharapkan kedepannya lebih disiplin",,,Alpa/Mangkir 2 Hari berturut-turut,,,
183,Gian Awaludin,0,0,0,0,0,0,0,0,,,,,,,,,,,,,,,,
184,Muh Dirgahayu Risaldi,0,0,0,0,0,0,0,0,,,,,,,,,,,,,,,,
185,Yakub Umar,1,0,1,0,0,0,0,0," 07-Apr-2026
 20-Agu-2026",, 28-Mei-2025,,,,,,"1. lalai saat pekerjaan berjalan, Jam 07:25 masih santai diruang ganti preparasi basah
2. Yang bersangkutan tidak menjaga Kunci Loker dengan baik , sehingga kunci loker tersebut hilang.",,Ybs tidak bekerja sesuai SOP pada pengerjaan Sampel Produksi,,,,,
186,Ridha Putra,1,0,0,0,0,0,0,0, 10-Des-2025,,,,,,,,Lalai dalam menjaga kunci loker diruangan Crew Preparasi Basah,,,,,,,
187,Muhammad Restu,1,1,0,0,0,0,0,0, 10-Des-2025, 13-Feb-2026,,,,,,,Lalai dalam menjaga kunci loker diruangan Crew Preparasi Basah,"Yang Bersangkutan lalai serta tidak memperhatikan Manhaul yang ke office Nirwana, sehingga tidak mengikuti Upacara General Safety Talk serta penutupan Bulan K3 Nasional 2026 di lapangan Office Nirwana. Diharapkan kepada karyawan agar lebih memperhatikan terkait pelaksanaan upacara dan kegiatan kegiatan yang dijadwalkan",,,,,,
188,Nanda Nahumarury,0,0,0,0,0,0,0,0,,,,,,,,,,,,,,,,
189,Sakir Kuilo,0,0,0,0,0,0,0,0,,,,,,,,,,,,,,,,
190,Darwan Alimudin,1,0,0,0,0,0,0,0, 13-Feb-2026,,,,,,,,"Yang Bersangkutan lalai serta tidak memperhatikan Manhaul yang ke office Nirwana, sehingga tidak mengikuti Upacara General Safety Talk serta penutupan Bulan K3 Nasional 2026 di lapangan Office Nirwana. Diharapkan kepada karyawan agar lebih memperhatikan terkait pelaksanaan upacara dan kegiatan kegiatan yang dijadwalkan",,,,,,,
191,Afnal,0,0,0,0,0,0,0,0,,,,,,,,,,,,,,,,
192,La Ode Faldianto,1,0,0,1,0,0,0,0, 13-Feb-2026,,, 17-Feb-2026,,,,,"Yang Bersangkutan lalai serta tidak memperhatikan Manhaul yang ke office Nirwana, sehingga tidak mengikuti Upacara General Safety Talk serta penutupan Bulan K3 Nasional 2026 di lapangan Office Nirwana. Diharapkan kepada karyawan agar lebih memperhatikan terkait pelaksanaan upacara dan kegiatan kegiatan yang dijadwalkan",,,Alpa/Mangkir,,,,
193,Muhaimin M. Hasan,1,1,0,0,0,0,0,0, 10-Des-2025, 13-Feb-2026,,,,,,,Lalai dalam menjaga kunci loker diruangan Crew Preparasi Basah,"Yang Bersangkutan lalai serta tidak memperhatikan Manhaul yang ke office Nirwana, sehingga tidak mengikuti Upacara General Safety Talk serta penutupan Bulan K3 Nasional 2026 di lapangan Office Nirwana. Diharapkan kepada karyawan agar lebih memperhatikan terkait pelaksanaan upacara dan kegiatan kegiatan yang dijadwalkan",,,,,,
194,Anggi Putra Kamani,1,0,0,0,0,0,0,0, 07-Apr-2026,,,,,,,,"lalai saat pekerjaan berjalan, Jam 07:25 masih santai diruang ganti preparasi basah",,,,,,,
195,Marlon Tukan,1,0,0,0,0,0,0,0, 13-Feb-2026,,,,,,,,"Yang Bersangkutan lalai serta tidak memperhatikan Manhaul yang ke office Nirwana, sehingga tidak mengikuti Upacara General Safety Talk serta penutupan Bulan K3 Nasional 2026 di lapangan Office Nirwana. Diharapkan kepada karyawan agar lebih memperhatikan terkait pelaksanaan upacara dan kegiatan kegiatan yang dijadwalkan",,,,,,,
196,Fahrezy U. Kamarullah,1,0,0,0,0,0,0,0, 13-Feb-2026,,,,,,,,"Yang Bersangkutan lalai serta tidak memperhatikan Manhaul yang ke office Nirwana, sehingga tidak mengikuti Upacara General Safety Talk serta penutupan Bulan K3 Nasional 2026 di lapangan Office Nirwana. Diharapkan kepada karyawan agar lebih memperhatikan terkait pelaksanaan upacara dan kegiatan kegiatan yang dijadwalkan",,,,,,,
197,Sarjon Jaya Putra,0,0,0,0,0,0,0,0,,,,,,,,,,,,,,,,
200,Muhammad Irfan Fadli,1,0,0,0,0,0,0,0, 13-Feb-2026,,,,,,,,"Yang Bersangkutan lalai serta tidak memperhatikan Manhaul yang ke office Nirwana, sehingga tidak mengikuti Upacara General Safety Talk serta penutupan Bulan K3 Nasional 2026 di lapangan Office Nirwana. Diharapkan kepada karyawan agar lebih memperhatikan terkait pelaksanaan upacara dan kegiatan kegiatan yang dijadwalkan",,,,,,,
199,Jakrin Ode Muniru,0,0,0,1,0,0,0,0,,,, 23-Jul-2026,,,,,,,,Tidak Masuk Kerja Tanpa Izin Dari Atasan (Mangkir/Alpa). 1 hari kerja atau 2 hari tidak berturut turut,,,,
200,La Ode Surdin,0,0,0,0,0,0,0,0,,,,,,,,,,,,,,,,
